long,lat,location,id
139.884678,35.626065,東京ディズニーシー,1
139.742946,35.649114,慶應義塾大学,2
135.728965,35.0392,金閣寺,3
139.52651,35.494865,よこはま動物園ズーラシア,4
139.884678,35.626065,東京ディズニーシー,5
139.742946,35.649114,慶應義塾大学,6
135.728965,35.0392,金閣寺,7
139.52651,35.494865,よこはま動物園ズーラシア,8
139.884678,35.626065,東京ディズニーシー,9
139.742946,35.649114,慶應義塾大学,10
135.728965,35.0392,金閣寺,11
139.52651,35.494865,よこはま動物園ズーラシア,12
139.884678,35.626065,東京ディズニーシー,13
139.742946,35.649114,慶應義塾大学,14
135.728965,35.0392,金閣寺,15
139.52651,35.494865,よこはま動物園ズーラシア,16
139.884678,35.626065,東京ディズニーシー,17
139.742946,35.649114,慶應義塾大学,18
135.728965,35.0392,金閣寺,19
139.52651,35.494865,よこはま動物園ズーラシア,20
139.884678,35.626065,東京ディズニーシー,21
139.742946,35.649114,慶應義塾大学,22
135.728965,35.0392,金閣寺,23
139.52651,35.494865,よこはま動物園ズーラシア,24
139.884678,35.626065,東京ディズニーシー,25
139.742946,35.649114,慶應義塾大学,26
135.728965,35.0392,金閣寺,27
139.52651,35.494865,よこはま動物園ズーラシア,28
139.884678,35.626065,東京ディズニーシー,29
139.742946,35.649114,慶應義塾大学,30
135.728965,35.0392,金閣寺,31
139.52651,35.494865,よこはま動物園ズーラシア,32
139.884678,35.626065,東京ディズニーシー,33
139.742946,35.649114,慶應義塾大学,34
135.728965,35.0392,金閣寺,35
139.52651,35.494865,よこはま動物園ズーラシア,36
139.884678,35.626065,東京ディズニーシー,37
139.742946,35.649114,慶應義塾大学,38
135.728965,35.0392,金閣寺,39
139.52651,35.494865,よこはま動物園ズーラシア,40
139.884678,35.626065,東京ディズニーシー,41
139.742946,35.649114,慶應義塾大学,42
135.728965,35.0392,金閣寺,43
139.52651,35.494865,よこはま動物園ズーラシア,44
139.884678,35.626065,東京ディズニーシー,45
139.742946,35.649114,慶應義塾大学,46
135.728965,35.0392,金閣寺,47
139.52651,35.494865,よこはま動物園ズーラシア,48
139.884678,35.626065,東京ディズニーシー,49
139.742946,35.649114,慶應義塾大学,50
135.728965,35.0392,金閣寺,51
139.52651,35.494865,よこはま動物園ズーラシア,52
139.884678,35.626065,東京ディズニーシー,53
139.742946,35.649114,慶應義塾大学,54
135.728965,35.0392,金閣寺,55
139.52651,35.494865,よこはま動物園ズーラシア,56
139.884678,35.626065,東京ディズニーシー,57
139.742946,35.649114,慶應義塾大学,58
135.728965,35.0392,金閣寺,59
139.52651,35.494865,よこはま動物園ズーラシア,60
139.884678,35.626065,東京ディズニーシー,61
139.742946,35.649114,慶應義塾大学,62
135.728965,35.0392,金閣寺,63
139.52651,35.494865,よこはま動物園ズーラシア,64
139.884678,35.626065,東京ディズニーシー,65
139.742946,35.649114,慶應義塾大学,66
135.728965,35.0392,金閣寺,67
139.52651,35.494865,よこはま動物園ズーラシア,68
139.884678,35.626065,東京ディズニーシー,69
139.742946,35.649114,慶應義塾大学,70
135.728965,35.0392,金閣寺,71
139.52651,35.494865,よこはま動物園ズーラシア,72
139.884678,35.626065,東京ディズニーシー,73
139.742946,35.649114,慶應義塾大学,74
135.728965,35.0392,金閣寺,75
139.52651,35.494865,よこはま動物園ズーラシア,76
139.884678,35.626065,東京ディズニーシー,77
139.742946,35.649114,慶應義塾大学,78
135.728965,35.0392,金閣寺,79
139.52651,35.494865,よこはま動物園ズーラシア,80
139.884678,35.626065,東京ディズニーシー,81
139.742946,35.649114,慶應義塾大学,82
135.728965,35.0392,金閣寺,83
139.52651,35.494865,よこはま動物園ズーラシア,84
139.884678,35.626065,東京ディズニーシー,85
139.742946,35.649114,慶應義塾大学,86
135.728965,35.0392,金閣寺,87
139.52651,35.494865,よこはま動物園ズーラシア,88
139.884678,35.626065,東京ディズニーシー,89
139.742946,35.649114,慶應義塾大学,90
135.728965,35.0392,金閣寺,91
139.52651,35.494865,よこはま動物園ズーラシア,92
139.884678,35.626065,東京ディズニーシー,93
139.742946,35.649114,慶應義塾大学,94
135.728965,35.0392,金閣寺,95
139.52651,35.494865,よこはま動物園ズーラシア,96
139.884678,35.626065,東京ディズニーシー,97
139.742946,35.649114,慶應義塾大学,98
135.728965,35.0392,金閣寺,99
139.52651,35.494865,よこはま動物園ズーラシア,100
139.884678,35.626065,東京ディズニーシー,101
139.742946,35.649114,慶應義塾大学,102
135.728965,35.0392,金閣寺,103
139.52651,35.494865,よこはま動物園ズーラシア,104
139.884678,35.626065,東京ディズニーシー,105
139.742946,35.649114,慶應義塾大学,106
135.728965,35.0392,金閣寺,107
139.52651,35.494865,よこはま動物園ズーラシア,108
139.884678,35.626065,東京ディズニーシー,109
139.742946,35.649114,慶應義塾大学,110
135.728965,35.0392,金閣寺,111
139.52651,35.494865,よこはま動物園ズーラシア,112
139.884678,35.626065,東京ディズニーシー,113
139.742946,35.649114,慶應義塾大学,114
135.728965,35.0392,金閣寺,115
139.52651,35.494865,よこはま動物園ズーラシア,116
139.884678,35.626065,東京ディズニーシー,117
139.742946,35.649114,慶應義塾大学,118
135.728965,35.0392,金閣寺,119
139.52651,35.494865,よこはま動物園ズーラシア,120
139.884678,35.626065,東京ディズニーシー,121
139.742946,35.649114,慶應義塾大学,122
135.728965,35.0392,金閣寺,123
139.52651,35.494865,よこはま動物園ズーラシア,124
139.884678,35.626065,東京ディズニーシー,125
139.742946,35.649114,慶應義塾大学,126
135.728965,35.0392,金閣寺,127
139.52651,35.494865,よこはま動物園ズーラシア,128
139.884678,35.626065,東京ディズニーシー,129
139.742946,35.649114,慶應義塾大学,130
135.728965,35.0392,金閣寺,131
139.52651,35.494865,よこはま動物園ズーラシア,132
139.884678,35.626065,東京ディズニーシー,133
139.742946,35.649114,慶應義塾大学,134
135.728965,35.0392,金閣寺,135
139.52651,35.494865,よこはま動物園ズーラシア,136
139.884678,35.626065,東京ディズニーシー,137
139.742946,35.649114,慶應義塾大学,138
135.728965,35.0392,金閣寺,139
139.52651,35.494865,よこはま動物園ズーラシア,140
139.884678,35.626065,東京ディズニーシー,141
139.742946,35.649114,慶應義塾大学,142
135.728965,35.0392,金閣寺,143
139.52651,35.494865,よこはま動物園ズーラシア,144
139.884678,35.626065,東京ディズニーシー,145
139.742946,35.649114,慶應義塾大学,146
135.728965,35.0392,金閣寺,147
139.52651,35.494865,よこはま動物園ズーラシア,148
139.884678,35.626065,東京ディズニーシー,149
139.742946,35.649114,慶應義塾大学,150
135.728965,35.0392,金閣寺,151
139.52651,35.494865,よこはま動物園ズーラシア,152
139.884678,35.626065,東京ディズニーシー,153
139.742946,35.649114,慶應義塾大学,154
135.728965,35.0392,金閣寺,155
139.52651,35.494865,よこはま動物園ズーラシア,156
139.884678,35.626065,東京ディズニーシー,157
139.742946,35.649114,慶應義塾大学,158
135.728965,35.0392,金閣寺,159
139.52651,35.494865,よこはま動物園ズーラシア,160
139.884678,35.626065,東京ディズニーシー,161
139.742946,35.649114,慶應義塾大学,162
135.728965,35.0392,金閣寺,163
139.52651,35.494865,よこはま動物園ズーラシア,164
139.884678,35.626065,東京ディズニーシー,165
139.742946,35.649114,慶應義塾大学,166
135.728965,35.0392,金閣寺,167
139.52651,35.494865,よこはま動物園ズーラシア,168
139.884678,35.626065,東京ディズニーシー,169
139.742946,35.649114,慶應義塾大学,170
135.728965,35.0392,金閣寺,171
139.52651,35.494865,よこはま動物園ズーラシア,172
139.884678,35.626065,東京ディズニーシー,173
139.742946,35.649114,慶應義塾大学,174
135.728965,35.0392,金閣寺,175
139.52651,35.494865,よこはま動物園ズーラシア,176
139.884678,35.626065,東京ディズニーシー,177
139.742946,35.649114,慶應義塾大学,178
135.728965,35.0392,金閣寺,179
139.52651,35.494865,よこはま動物園ズーラシア,180
139.884678,35.626065,東京ディズニーシー,181
139.742946,35.649114,慶應義塾大学,182
135.728965,35.0392,金閣寺,183
139.52651,35.494865,よこはま動物園ズーラシア,184
139.884678,35.626065,東京ディズニーシー,185
139.742946,35.649114,慶應義塾大学,186
135.728965,35.0392,金閣寺,187
139.52651,35.494865,よこはま動物園ズーラシア,188
139.884678,35.626065,東京ディズニーシー,189
139.742946,35.649114,慶應義塾大学,190
135.728965,35.0392,金閣寺,191
139.52651,35.494865,よこはま動物園ズーラシア,192
139.884678,35.626065,東京ディズニーシー,193
139.742946,35.649114,慶應義塾大学,194
135.728965,35.0392,金閣寺,195
139.52651,35.494865,よこはま動物園ズーラシア,196
139.884678,35.626065,東京ディズニーシー,197
139.742946,35.649114,慶應義塾大学,198
135.728965,35.0392,金閣寺,199
139.52651,35.494865,よこはま動物園ズーラシア,200
139.884678,35.626065,東京ディズニーシー,201
139.742946,35.649114,慶應義塾大学,202
135.728965,35.0392,金閣寺,203
139.52651,35.494865,よこはま動物園ズーラシア,204
139.884678,35.626065,東京ディズニーシー,205
139.742946,35.649114,慶應義塾大学,206
135.728965,35.0392,金閣寺,207
139.52651,35.494865,よこはま動物園ズーラシア,208
139.884678,35.626065,東京ディズニーシー,209
139.742946,35.649114,慶應義塾大学,210
135.728965,35.0392,金閣寺,211
139.52651,35.494865,よこはま動物園ズーラシア,212
139.884678,35.626065,東京ディズニーシー,213
139.742946,35.649114,慶應義塾大学,214
135.728965,35.0392,金閣寺,215
139.52651,35.494865,よこはま動物園ズーラシア,216
139.884678,35.626065,東京ディズニーシー,217
139.742946,35.649114,慶應義塾大学,218
135.728965,35.0392,金閣寺,219
139.52651,35.494865,よこはま動物園ズーラシア,220
139.884678,35.626065,東京ディズニーシー,221
139.742946,35.649114,慶應義塾大学,222
135.728965,35.0392,金閣寺,223
139.52651,35.494865,よこはま動物園ズーラシア,224
139.884678,35.626065,東京ディズニーシー,225
139.742946,35.649114,慶應義塾大学,226
135.728965,35.0392,金閣寺,227
139.52651,35.494865,よこはま動物園ズーラシア,228
139.884678,35.626065,東京ディズニーシー,229
139.742946,35.649114,慶應義塾大学,230
135.728965,35.0392,金閣寺,231
139.52651,35.494865,よこはま動物園ズーラシア,232
139.884678,35.626065,東京ディズニーシー,233
139.742946,35.649114,慶應義塾大学,234
135.728965,35.0392,金閣寺,235
139.52651,35.494865,よこはま動物園ズーラシア,236
139.884678,35.626065,東京ディズニーシー,237
139.742946,35.649114,慶應義塾大学,238
135.728965,35.0392,金閣寺,239
139.52651,35.494865,よこはま動物園ズーラシア,240
139.884678,35.626065,東京ディズニーシー,241
139.742946,35.649114,慶應義塾大学,242
135.728965,35.0392,金閣寺,243
139.52651,35.494865,よこはま動物園ズーラシア,244
139.884678,35.626065,東京ディズニーシー,245
139.742946,35.649114,慶應義塾大学,246
135.728965,35.0392,金閣寺,247
139.52651,35.494865,よこはま動物園ズーラシア,248
139.884678,35.626065,東京ディズニーシー,249
139.742946,35.649114,慶應義塾大学,250
135.728965,35.0392,金閣寺,251
139.52651,35.494865,よこはま動物園ズーラシア,252
139.884678,35.626065,東京ディズニーシー,253
139.742946,35.649114,慶應義塾大学,254
135.728965,35.0392,金閣寺,255
139.52651,35.494865,よこはま動物園ズーラシア,256
139.884678,35.626065,東京ディズニーシー,257
139.742946,35.649114,慶應義塾大学,258
135.728965,35.0392,金閣寺,259
139.52651,35.494865,よこはま動物園ズーラシア,260
139.884678,35.626065,東京ディズニーシー,261
139.742946,35.649114,慶應義塾大学,262
135.728965,35.0392,金閣寺,263
139.52651,35.494865,よこはま動物園ズーラシア,264
139.884678,35.626065,東京ディズニーシー,265
139.742946,35.649114,慶應義塾大学,266
135.728965,35.0392,金閣寺,267
139.52651,35.494865,よこはま動物園ズーラシア,268
139.884678,35.626065,東京ディズニーシー,269
139.742946,35.649114,慶應義塾大学,270
135.728965,35.0392,金閣寺,271
139.52651,35.494865,よこはま動物園ズーラシア,272
139.884678,35.626065,東京ディズニーシー,273
139.742946,35.649114,慶應義塾大学,274
135.728965,35.0392,金閣寺,275
139.52651,35.494865,よこはま動物園ズーラシア,276
139.884678,35.626065,東京ディズニーシー,277
139.742946,35.649114,慶應義塾大学,278
135.728965,35.0392,金閣寺,279
139.52651,35.494865,よこはま動物園ズーラシア,280
139.884678,35.626065,東京ディズニーシー,281
139.742946,35.649114,慶應義塾大学,282
135.728965,35.0392,金閣寺,283
139.52651,35.494865,よこはま動物園ズーラシア,284
139.884678,35.626065,東京ディズニーシー,285
139.742946,35.649114,慶應義塾大学,286
135.728965,35.0392,金閣寺,287
139.52651,35.494865,よこはま動物園ズーラシア,288
139.884678,35.626065,東京ディズニーシー,289
139.742946,35.649114,慶應義塾大学,290
135.728965,35.0392,金閣寺,291
139.52651,35.494865,よこはま動物園ズーラシア,292
139.884678,35.626065,東京ディズニーシー,293
139.742946,35.649114,慶應義塾大学,294
135.728965,35.0392,金閣寺,295
139.52651,35.494865,よこはま動物園ズーラシア,296
139.884678,35.626065,東京ディズニーシー,297
139.742946,35.649114,慶應義塾大学,298
135.728965,35.0392,金閣寺,299
139.52651,35.494865,よこはま動物園ズーラシア,300
139.884678,35.626065,東京ディズニーシー,301
139.742946,35.649114,慶應義塾大学,302
135.728965,35.0392,金閣寺,303
139.52651,35.494865,よこはま動物園ズーラシア,304
139.884678,35.626065,東京ディズニーシー,305
139.742946,35.649114,慶應義塾大学,306
135.728965,35.0392,金閣寺,307
139.52651,35.494865,よこはま動物園ズーラシア,308
139.884678,35.626065,東京ディズニーシー,309
139.742946,35.649114,慶應義塾大学,310
135.728965,35.0392,金閣寺,311
139.52651,35.494865,よこはま動物園ズーラシア,312
139.884678,35.626065,東京ディズニーシー,313
139.742946,35.649114,慶應義塾大学,314
135.728965,35.0392,金閣寺,315
139.52651,35.494865,よこはま動物園ズーラシア,316
139.884678,35.626065,東京ディズニーシー,317
139.742946,35.649114,慶應義塾大学,318
135.728965,35.0392,金閣寺,319
139.52651,35.494865,よこはま動物園ズーラシア,320
139.884678,35.626065,東京ディズニーシー,321
139.742946,35.649114,慶應義塾大学,322
135.728965,35.0392,金閣寺,323
139.52651,35.494865,よこはま動物園ズーラシア,324
139.884678,35.626065,東京ディズニーシー,325
139.742946,35.649114,慶應義塾大学,326
135.728965,35.0392,金閣寺,327
139.52651,35.494865,よこはま動物園ズーラシア,328
139.884678,35.626065,東京ディズニーシー,329
139.742946,35.649114,慶應義塾大学,330
135.728965,35.0392,金閣寺,331
139.52651,35.494865,よこはま動物園ズーラシア,332
139.884678,35.626065,東京ディズニーシー,333
139.742946,35.649114,慶應義塾大学,334
135.728965,35.0392,金閣寺,335
139.52651,35.494865,よこはま動物園ズーラシア,336
139.884678,35.626065,東京ディズニーシー,337
139.742946,35.649114,慶應義塾大学,338
135.728965,35.0392,金閣寺,339
139.52651,35.494865,よこはま動物園ズーラシア,340
139.884678,35.626065,東京ディズニーシー,341
139.742946,35.649114,慶應義塾大学,342
135.728965,35.0392,金閣寺,343
139.52651,35.494865,よこはま動物園ズーラシア,344
139.884678,35.626065,東京ディズニーシー,345
139.742946,35.649114,慶應義塾大学,346
135.728965,35.0392,金閣寺,347
139.52651,35.494865,よこはま動物園ズーラシア,348
139.884678,35.626065,東京ディズニーシー,349
139.742946,35.649114,慶應義塾大学,350
135.728965,35.0392,金閣寺,351
139.52651,35.494865,よこはま動物園ズーラシア,352
139.884678,35.626065,東京ディズニーシー,353
139.742946,35.649114,慶應義塾大学,354
135.728965,35.0392,金閣寺,355
139.52651,35.494865,よこはま動物園ズーラシア,356
139.884678,35.626065,東京ディズニーシー,357
139.742946,35.649114,慶應義塾大学,358
135.728965,35.0392,金閣寺,359
139.52651,35.494865,よこはま動物園ズーラシア,360
139.884678,35.626065,東京ディズニーシー,361
139.742946,35.649114,慶應義塾大学,362
135.728965,35.0392,金閣寺,363
139.52651,35.494865,よこはま動物園ズーラシア,364
139.884678,35.626065,東京ディズニーシー,365
139.742946,35.649114,慶應義塾大学,366
135.728965,35.0392,金閣寺,367
139.52651,35.494865,よこはま動物園ズーラシア,368
139.884678,35.626065,東京ディズニーシー,369
139.742946,35.649114,慶應義塾大学,370
135.728965,35.0392,金閣寺,371
139.52651,35.494865,よこはま動物園ズーラシア,372
139.884678,35.626065,東京ディズニーシー,373
139.742946,35.649114,慶應義塾大学,374
135.728965,35.0392,金閣寺,375
139.52651,35.494865,よこはま動物園ズーラシア,376
139.884678,35.626065,東京ディズニーシー,377
139.742946,35.649114,慶應義塾大学,378
135.728965,35.0392,金閣寺,379
139.52651,35.494865,よこはま動物園ズーラシア,380
139.884678,35.626065,東京ディズニーシー,381
139.742946,35.649114,慶應義塾大学,382
135.728965,35.0392,金閣寺,383
139.52651,35.494865,よこはま動物園ズーラシア,384
139.884678,35.626065,東京ディズニーシー,385
139.742946,35.649114,慶應義塾大学,386
135.728965,35.0392,金閣寺,387
139.52651,35.494865,よこはま動物園ズーラシア,388
139.884678,35.626065,東京ディズニーシー,389
139.742946,35.649114,慶應義塾大学,390
135.728965,35.0392,金閣寺,391
139.52651,35.494865,よこはま動物園ズーラシア,392
139.884678,35.626065,東京ディズニーシー,393
139.742946,35.649114,慶應義塾大学,394
135.728965,35.0392,金閣寺,395
139.52651,35.494865,よこはま動物園ズーラシア,396
139.884678,35.626065,東京ディズニーシー,397
139.742946,35.649114,慶應義塾大学,398
135.728965,35.0392,金閣寺,399
139.52651,35.494865,よこはま動物園ズーラシア,400
139.884678,35.626065,東京ディズニーシー,401
139.742946,35.649114,慶應義塾大学,402
135.728965,35.0392,金閣寺,403
139.52651,35.494865,よこはま動物園ズーラシア,404
139.884678,35.626065,東京ディズニーシー,405
139.742946,35.649114,慶應義塾大学,406
135.728965,35.0392,金閣寺,407
139.52651,35.494865,よこはま動物園ズーラシア,408
139.884678,35.626065,東京ディズニーシー,409
139.742946,35.649114,慶應義塾大学,410
135.728965,35.0392,金閣寺,411
139.52651,35.494865,よこはま動物園ズーラシア,412
139.884678,35.626065,東京ディズニーシー,413
139.742946,35.649114,慶應義塾大学,414
135.728965,35.0392,金閣寺,415
139.52651,35.494865,よこはま動物園ズーラシア,416
139.884678,35.626065,東京ディズニーシー,417
139.742946,35.649114,慶應義塾大学,418
135.728965,35.0392,金閣寺,419
139.52651,35.494865,よこはま動物園ズーラシア,420
139.884678,35.626065,東京ディズニーシー,421
139.742946,35.649114,慶應義塾大学,422
135.728965,35.0392,金閣寺,423
139.52651,35.494865,よこはま動物園ズーラシア,424
139.884678,35.626065,東京ディズニーシー,425
139.742946,35.649114,慶應義塾大学,426
135.728965,35.0392,金閣寺,427
139.52651,35.494865,よこはま動物園ズーラシア,428
139.884678,35.626065,東京ディズニーシー,429
139.742946,35.649114,慶應義塾大学,430
135.728965,35.0392,金閣寺,431
139.52651,35.494865,よこはま動物園ズーラシア,432
139.884678,35.626065,東京ディズニーシー,433
139.742946,35.649114,慶應義塾大学,434
135.728965,35.0392,金閣寺,435
139.52651,35.494865,よこはま動物園ズーラシア,436
139.884678,35.626065,東京ディズニーシー,437
139.742946,35.649114,慶應義塾大学,438
135.728965,35.0392,金閣寺,439
139.52651,35.494865,よこはま動物園ズーラシア,440
139.884678,35.626065,東京ディズニーシー,441
139.742946,35.649114,慶應義塾大学,442
135.728965,35.0392,金閣寺,443
139.52651,35.494865,よこはま動物園ズーラシア,444
139.884678,35.626065,東京ディズニーシー,445
139.742946,35.649114,慶應義塾大学,446
135.728965,35.0392,金閣寺,447
139.52651,35.494865,よこはま動物園ズーラシア,448
139.884678,35.626065,東京ディズニーシー,449
139.742946,35.649114,慶應義塾大学,450
135.728965,35.0392,金閣寺,451
139.52651,35.494865,よこはま動物園ズーラシア,452
139.884678,35.626065,東京ディズニーシー,453
139.742946,35.649114,慶應義塾大学,454
135.728965,35.0392,金閣寺,455
139.52651,35.494865,よこはま動物園ズーラシア,456
139.884678,35.626065,東京ディズニーシー,457
139.742946,35.649114,慶應義塾大学,458
135.728965,35.0392,金閣寺,459
139.52651,35.494865,よこはま動物園ズーラシア,460
139.884678,35.626065,東京ディズニーシー,461
139.742946,35.649114,慶應義塾大学,462
135.728965,35.0392,金閣寺,463
139.52651,35.494865,よこはま動物園ズーラシア,464
139.884678,35.626065,東京ディズニーシー,465
139.742946,35.649114,慶應義塾大学,466
135.728965,35.0392,金閣寺,467
139.52651,35.494865,よこはま動物園ズーラシア,468
139.884678,35.626065,東京ディズニーシー,469
139.742946,35.649114,慶應義塾大学,470
135.728965,35.0392,金閣寺,471
139.52651,35.494865,よこはま動物園ズーラシア,472
139.884678,35.626065,東京ディズニーシー,473
139.742946,35.649114,慶應義塾大学,474
135.728965,35.0392,金閣寺,475
139.52651,35.494865,よこはま動物園ズーラシア,476
139.884678,35.626065,東京ディズニーシー,477
139.742946,35.649114,慶應義塾大学,478
135.728965,35.0392,金閣寺,479
139.52651,35.494865,よこはま動物園ズーラシア,480
139.884678,35.626065,東京ディズニーシー,481
139.742946,35.649114,慶應義塾大学,482
135.728965,35.0392,金閣寺,483
139.52651,35.494865,よこはま動物園ズーラシア,484
139.884678,35.626065,東京ディズニーシー,485
139.742946,35.649114,慶應義塾大学,486
135.728965,35.0392,金閣寺,487
139.52651,35.494865,よこはま動物園ズーラシア,488
139.884678,35.626065,東京ディズニーシー,489
139.742946,35.649114,慶應義塾大学,490
135.728965,35.0392,金閣寺,491
139.52651,35.494865,よこはま動物園ズーラシア,492
139.884678,35.626065,東京ディズニーシー,493
139.742946,35.649114,慶應義塾大学,494
135.728965,35.0392,金閣寺,495
139.52651,35.494865,よこはま動物園ズーラシア,496
139.884678,35.626065,東京ディズニーシー,497
139.742946,35.649114,慶應義塾大学,498
135.728965,35.0392,金閣寺,499
139.52651,35.494865,よこはま動物園ズーラシア,500
139.884678,35.626065,東京ディズニーシー,501
139.742946,35.649114,慶應義塾大学,502
135.728965,35.0392,金閣寺,503
139.52651,35.494865,よこはま動物園ズーラシア,504
139.884678,35.626065,東京ディズニーシー,505
139.742946,35.649114,慶應義塾大学,506
135.728965,35.0392,金閣寺,507
139.52651,35.494865,よこはま動物園ズーラシア,508
139.884678,35.626065,東京ディズニーシー,509
139.742946,35.649114,慶應義塾大学,510
135.728965,35.0392,金閣寺,511
139.52651,35.494865,よこはま動物園ズーラシア,512
139.884678,35.626065,東京ディズニーシー,513
139.742946,35.649114,慶應義塾大学,514
135.728965,35.0392,金閣寺,515
139.52651,35.494865,よこはま動物園ズーラシア,516
139.884678,35.626065,東京ディズニーシー,517
139.742946,35.649114,慶應義塾大学,518
135.728965,35.0392,金閣寺,519
139.52651,35.494865,よこはま動物園ズーラシア,520
139.884678,35.626065,東京ディズニーシー,521
139.742946,35.649114,慶應義塾大学,522
135.728965,35.0392,金閣寺,523
139.52651,35.494865,よこはま動物園ズーラシア,524
139.884678,35.626065,東京ディズニーシー,525
139.742946,35.649114,慶應義塾大学,526
135.728965,35.0392,金閣寺,527
139.52651,35.494865,よこはま動物園ズーラシア,528
139.884678,35.626065,東京ディズニーシー,529
139.742946,35.649114,慶應義塾大学,530
135.728965,35.0392,金閣寺,531
139.52651,35.494865,よこはま動物園ズーラシア,532
139.884678,35.626065,東京ディズニーシー,533
139.742946,35.649114,慶應義塾大学,534
135.728965,35.0392,金閣寺,535
139.52651,35.494865,よこはま動物園ズーラシア,536
139.884678,35.626065,東京ディズニーシー,537
139.742946,35.649114,慶應義塾大学,538
135.728965,35.0392,金閣寺,539
139.52651,35.494865,よこはま動物園ズーラシア,540
139.884678,35.626065,東京ディズニーシー,541
139.742946,35.649114,慶應義塾大学,542
135.728965,35.0392,金閣寺,543
139.52651,35.494865,よこはま動物園ズーラシア,544
139.884678,35.626065,東京ディズニーシー,545
139.742946,35.649114,慶應義塾大学,546
135.728965,35.0392,金閣寺,547
139.52651,35.494865,よこはま動物園ズーラシア,548
139.884678,35.626065,東京ディズニーシー,549
139.742946,35.649114,慶應義塾大学,550
135.728965,35.0392,金閣寺,551
139.52651,35.494865,よこはま動物園ズーラシア,552
139.884678,35.626065,東京ディズニーシー,553
139.742946,35.649114,慶應義塾大学,554
135.728965,35.0392,金閣寺,555
139.52651,35.494865,よこはま動物園ズーラシア,556
139.884678,35.626065,東京ディズニーシー,557
139.742946,35.649114,慶應義塾大学,558
135.728965,35.0392,金閣寺,559
139.52651,35.494865,よこはま動物園ズーラシア,560
139.884678,35.626065,東京ディズニーシー,561
139.742946,35.649114,慶應義塾大学,562
135.728965,35.0392,金閣寺,563
139.52651,35.494865,よこはま動物園ズーラシア,564
139.884678,35.626065,東京ディズニーシー,565
139.742946,35.649114,慶應義塾大学,566
135.728965,35.0392,金閣寺,567
139.52651,35.494865,よこはま動物園ズーラシア,568
139.884678,35.626065,東京ディズニーシー,569
139.742946,35.649114,慶應義塾大学,570
135.728965,35.0392,金閣寺,571
139.52651,35.494865,よこはま動物園ズーラシア,572
139.884678,35.626065,東京ディズニーシー,573
139.742946,35.649114,慶應義塾大学,574
135.728965,35.0392,金閣寺,575
139.52651,35.494865,よこはま動物園ズーラシア,576
139.884678,35.626065,東京ディズニーシー,577
139.742946,35.649114,慶應義塾大学,578
135.728965,35.0392,金閣寺,579
139.52651,35.494865,よこはま動物園ズーラシア,580
139.884678,35.626065,東京ディズニーシー,581
139.742946,35.649114,慶應義塾大学,582
135.728965,35.0392,金閣寺,583
139.52651,35.494865,よこはま動物園ズーラシア,584
139.884678,35.626065,東京ディズニーシー,585
139.742946,35.649114,慶應義塾大学,586
135.728965,35.0392,金閣寺,587
139.52651,35.494865,よこはま動物園ズーラシア,588
139.884678,35.626065,東京ディズニーシー,589
139.742946,35.649114,慶應義塾大学,590
135.728965,35.0392,金閣寺,591
139.52651,35.494865,よこはま動物園ズーラシア,592
139.884678,35.626065,東京ディズニーシー,593
139.742946,35.649114,慶應義塾大学,594
135.728965,35.0392,金閣寺,595
139.52651,35.494865,よこはま動物園ズーラシア,596
139.884678,35.626065,東京ディズニーシー,597
139.742946,35.649114,慶應義塾大学,598
135.728965,35.0392,金閣寺,599
139.52651,35.494865,よこはま動物園ズーラシア,600
139.884678,35.626065,東京ディズニーシー,601
139.742946,35.649114,慶應義塾大学,602
135.728965,35.0392,金閣寺,603
139.52651,35.494865,よこはま動物園ズーラシア,604
139.884678,35.626065,東京ディズニーシー,605
139.742946,35.649114,慶應義塾大学,606
135.728965,35.0392,金閣寺,607
139.52651,35.494865,よこはま動物園ズーラシア,608
139.884678,35.626065,東京ディズニーシー,609
139.742946,35.649114,慶應義塾大学,610
135.728965,35.0392,金閣寺,611
139.52651,35.494865,よこはま動物園ズーラシア,612
139.884678,35.626065,東京ディズニーシー,613
139.742946,35.649114,慶應義塾大学,614
135.728965,35.0392,金閣寺,615
139.52651,35.494865,よこはま動物園ズーラシア,616
139.884678,35.626065,東京ディズニーシー,617
139.742946,35.649114,慶應義塾大学,618
135.728965,35.0392,金閣寺,619
139.52651,35.494865,よこはま動物園ズーラシア,620
139.884678,35.626065,東京ディズニーシー,621
139.742946,35.649114,慶應義塾大学,622
135.728965,35.0392,金閣寺,623
139.52651,35.494865,よこはま動物園ズーラシア,624
139.884678,35.626065,東京ディズニーシー,625
139.742946,35.649114,慶應義塾大学,626
135.728965,35.0392,金閣寺,627
139.52651,35.494865,よこはま動物園ズーラシア,628
139.884678,35.626065,東京ディズニーシー,629
139.742946,35.649114,慶應義塾大学,630
135.728965,35.0392,金閣寺,631
139.52651,35.494865,よこはま動物園ズーラシア,632
139.884678,35.626065,東京ディズニーシー,633
139.742946,35.649114,慶應義塾大学,634
135.728965,35.0392,金閣寺,635
139.52651,35.494865,よこはま動物園ズーラシア,636
139.884678,35.626065,東京ディズニーシー,637
139.742946,35.649114,慶應義塾大学,638
135.728965,35.0392,金閣寺,639
139.52651,35.494865,よこはま動物園ズーラシア,640
139.884678,35.626065,東京ディズニーシー,641
139.742946,35.649114,慶應義塾大学,642
135.728965,35.0392,金閣寺,643
139.52651,35.494865,よこはま動物園ズーラシア,644
139.884678,35.626065,東京ディズニーシー,645
139.742946,35.649114,慶應義塾大学,646
135.728965,35.0392,金閣寺,647
139.52651,35.494865,よこはま動物園ズーラシア,648
139.884678,35.626065,東京ディズニーシー,649
139.742946,35.649114,慶應義塾大学,650
135.728965,35.0392,金閣寺,651
139.52651,35.494865,よこはま動物園ズーラシア,652
139.884678,35.626065,東京ディズニーシー,653
139.742946,35.649114,慶應義塾大学,654
135.728965,35.0392,金閣寺,655
139.52651,35.494865,よこはま動物園ズーラシア,656
139.884678,35.626065,東京ディズニーシー,657
139.742946,35.649114,慶應義塾大学,658
135.728965,35.0392,金閣寺,659
139.52651,35.494865,よこはま動物園ズーラシア,660
139.884678,35.626065,東京ディズニーシー,661
139.742946,35.649114,慶應義塾大学,662
135.728965,35.0392,金閣寺,663
139.52651,35.494865,よこはま動物園ズーラシア,664
139.884678,35.626065,東京ディズニーシー,665
139.742946,35.649114,慶應義塾大学,666
135.728965,35.0392,金閣寺,667
139.52651,35.494865,よこはま動物園ズーラシア,668
139.884678,35.626065,東京ディズニーシー,669
139.742946,35.649114,慶應義塾大学,670
135.728965,35.0392,金閣寺,671
139.52651,35.494865,よこはま動物園ズーラシア,672
139.884678,35.626065,東京ディズニーシー,673
139.742946,35.649114,慶應義塾大学,674
135.728965,35.0392,金閣寺,675
139.52651,35.494865,よこはま動物園ズーラシア,676
139.884678,35.626065,東京ディズニーシー,677
139.742946,35.649114,慶應義塾大学,678
135.728965,35.0392,金閣寺,679
139.52651,35.494865,よこはま動物園ズーラシア,680
139.884678,35.626065,東京ディズニーシー,681
139.742946,35.649114,慶應義塾大学,682
135.728965,35.0392,金閣寺,683
139.52651,35.494865,よこはま動物園ズーラシア,684
139.884678,35.626065,東京ディズニーシー,685
139.742946,35.649114,慶應義塾大学,686
135.728965,35.0392,金閣寺,687
139.52651,35.494865,よこはま動物園ズーラシア,688
139.884678,35.626065,東京ディズニーシー,689
139.742946,35.649114,慶應義塾大学,690
135.728965,35.0392,金閣寺,691
139.52651,35.494865,よこはま動物園ズーラシア,692
139.884678,35.626065,東京ディズニーシー,693
139.742946,35.649114,慶應義塾大学,694
135.728965,35.0392,金閣寺,695
139.52651,35.494865,よこはま動物園ズーラシア,696
139.884678,35.626065,東京ディズニーシー,697
139.742946,35.649114,慶應義塾大学,698
135.728965,35.0392,金閣寺,699
139.52651,35.494865,よこはま動物園ズーラシア,700
139.884678,35.626065,東京ディズニーシー,701
139.742946,35.649114,慶應義塾大学,702
135.728965,35.0392,金閣寺,703
139.52651,35.494865,よこはま動物園ズーラシア,704
139.884678,35.626065,東京ディズニーシー,705
139.742946,35.649114,慶應義塾大学,706
135.728965,35.0392,金閣寺,707
139.52651,35.494865,よこはま動物園ズーラシア,708
139.884678,35.626065,東京ディズニーシー,709
139.742946,35.649114,慶應義塾大学,710
135.728965,35.0392,金閣寺,711
139.52651,35.494865,よこはま動物園ズーラシア,712
139.884678,35.626065,東京ディズニーシー,713
139.742946,35.649114,慶應義塾大学,714
135.728965,35.0392,金閣寺,715
139.52651,35.494865,よこはま動物園ズーラシア,716
139.884678,35.626065,東京ディズニーシー,717
139.742946,35.649114,慶應義塾大学,718
135.728965,35.0392,金閣寺,719
139.52651,35.494865,よこはま動物園ズーラシア,720
139.884678,35.626065,東京ディズニーシー,721
139.742946,35.649114,慶應義塾大学,722
135.728965,35.0392,金閣寺,723
139.52651,35.494865,よこはま動物園ズーラシア,724
139.884678,35.626065,東京ディズニーシー,725
139.742946,35.649114,慶應義塾大学,726
135.728965,35.0392,金閣寺,727
139.52651,35.494865,よこはま動物園ズーラシア,728
139.884678,35.626065,東京ディズニーシー,729
139.742946,35.649114,慶應義塾大学,730
135.728965,35.0392,金閣寺,731
139.52651,35.494865,よこはま動物園ズーラシア,732
139.884678,35.626065,東京ディズニーシー,733
139.742946,35.649114,慶應義塾大学,734
135.728965,35.0392,金閣寺,735
139.52651,35.494865,よこはま動物園ズーラシア,736
139.884678,35.626065,東京ディズニーシー,737
139.742946,35.649114,慶應義塾大学,738
135.728965,35.0392,金閣寺,739
139.52651,35.494865,よこはま動物園ズーラシア,740
139.884678,35.626065,東京ディズニーシー,741
139.742946,35.649114,慶應義塾大学,742
135.728965,35.0392,金閣寺,743
139.52651,35.494865,よこはま動物園ズーラシア,744
139.884678,35.626065,東京ディズニーシー,745
139.742946,35.649114,慶應義塾大学,746
135.728965,35.0392,金閣寺,747
139.52651,35.494865,よこはま動物園ズーラシア,748
139.884678,35.626065,東京ディズニーシー,749
139.742946,35.649114,慶應義塾大学,750
135.728965,35.0392,金閣寺,751
139.52651,35.494865,よこはま動物園ズーラシア,752
139.884678,35.626065,東京ディズニーシー,753
139.742946,35.649114,慶應義塾大学,754
135.728965,35.0392,金閣寺,755
139.52651,35.494865,よこはま動物園ズーラシア,756
139.884678,35.626065,東京ディズニーシー,757
139.742946,35.649114,慶應義塾大学,758
135.728965,35.0392,金閣寺,759
139.52651,35.494865,よこはま動物園ズーラシア,760
139.884678,35.626065,東京ディズニーシー,761
139.742946,35.649114,慶應義塾大学,762
135.728965,35.0392,金閣寺,763
139.52651,35.494865,よこはま動物園ズーラシア,764
139.884678,35.626065,東京ディズニーシー,765
139.742946,35.649114,慶應義塾大学,766
135.728965,35.0392,金閣寺,767
139.52651,35.494865,よこはま動物園ズーラシア,768
139.884678,35.626065,東京ディズニーシー,769
139.742946,35.649114,慶應義塾大学,770
135.728965,35.0392,金閣寺,771
139.52651,35.494865,よこはま動物園ズーラシア,772
139.884678,35.626065,東京ディズニーシー,773
139.742946,35.649114,慶應義塾大学,774
135.728965,35.0392,金閣寺,775
139.52651,35.494865,よこはま動物園ズーラシア,776
139.884678,35.626065,東京ディズニーシー,777
139.742946,35.649114,慶應義塾大学,778
135.728965,35.0392,金閣寺,779
139.52651,35.494865,よこはま動物園ズーラシア,780
139.884678,35.626065,東京ディズニーシー,781
139.742946,35.649114,慶應義塾大学,782
135.728965,35.0392,金閣寺,783
139.52651,35.494865,よこはま動物園ズーラシア,784
139.884678,35.626065,東京ディズニーシー,785
139.742946,35.649114,慶應義塾大学,786
135.728965,35.0392,金閣寺,787
139.52651,35.494865,よこはま動物園ズーラシア,788
139.884678,35.626065,東京ディズニーシー,789
139.742946,35.649114,慶應義塾大学,790
135.728965,35.0392,金閣寺,791
139.52651,35.494865,よこはま動物園ズーラシア,792
139.884678,35.626065,東京ディズニーシー,793
139.742946,35.649114,慶應義塾大学,794
135.728965,35.0392,金閣寺,795
139.52651,35.494865,よこはま動物園ズーラシア,796
139.884678,35.626065,東京ディズニーシー,797
139.742946,35.649114,慶應義塾大学,798
135.728965,35.0392,金閣寺,799
139.52651,35.494865,よこはま動物園ズーラシア,800
139.884678,35.626065,東京ディズニーシー,801
139.742946,35.649114,慶應義塾大学,802
135.728965,35.0392,金閣寺,803
139.52651,35.494865,よこはま動物園ズーラシア,804
139.884678,35.626065,東京ディズニーシー,805
139.742946,35.649114,慶應義塾大学,806
135.728965,35.0392,金閣寺,807
139.52651,35.494865,よこはま動物園ズーラシア,808
139.884678,35.626065,東京ディズニーシー,809
139.742946,35.649114,慶應義塾大学,810
135.728965,35.0392,金閣寺,811
139.52651,35.494865,よこはま動物園ズーラシア,812
139.884678,35.626065,東京ディズニーシー,813
139.742946,35.649114,慶應義塾大学,814
135.728965,35.0392,金閣寺,815
139.52651,35.494865,よこはま動物園ズーラシア,816
139.884678,35.626065,東京ディズニーシー,817
139.742946,35.649114,慶應義塾大学,818
135.728965,35.0392,金閣寺,819
139.52651,35.494865,よこはま動物園ズーラシア,820
139.884678,35.626065,東京ディズニーシー,821
139.742946,35.649114,慶應義塾大学,822
135.728965,35.0392,金閣寺,823
139.52651,35.494865,よこはま動物園ズーラシア,824
139.884678,35.626065,東京ディズニーシー,825
139.742946,35.649114,慶應義塾大学,826
135.728965,35.0392,金閣寺,827
139.52651,35.494865,よこはま動物園ズーラシア,828
139.884678,35.626065,東京ディズニーシー,829
139.742946,35.649114,慶應義塾大学,830
135.728965,35.0392,金閣寺,831
139.52651,35.494865,よこはま動物園ズーラシア,832
139.884678,35.626065,東京ディズニーシー,833
139.742946,35.649114,慶應義塾大学,834
135.728965,35.0392,金閣寺,835
139.52651,35.494865,よこはま動物園ズーラシア,836
139.884678,35.626065,東京ディズニーシー,837
139.742946,35.649114,慶應義塾大学,838
135.728965,35.0392,金閣寺,839
139.52651,35.494865,よこはま動物園ズーラシア,840
139.884678,35.626065,東京ディズニーシー,841
139.742946,35.649114,慶應義塾大学,842
135.728965,35.0392,金閣寺,843
139.52651,35.494865,よこはま動物園ズーラシア,844
139.884678,35.626065,東京ディズニーシー,845
139.742946,35.649114,慶應義塾大学,846
135.728965,35.0392,金閣寺,847
139.52651,35.494865,よこはま動物園ズーラシア,848
139.884678,35.626065,東京ディズニーシー,849
139.742946,35.649114,慶應義塾大学,850
135.728965,35.0392,金閣寺,851
139.52651,35.494865,よこはま動物園ズーラシア,852
139.884678,35.626065,東京ディズニーシー,853
139.742946,35.649114,慶應義塾大学,854
135.728965,35.0392,金閣寺,855
139.52651,35.494865,よこはま動物園ズーラシア,856
139.884678,35.626065,東京ディズニーシー,857
139.742946,35.649114,慶應義塾大学,858
135.728965,35.0392,金閣寺,859
139.52651,35.494865,よこはま動物園ズーラシア,860
139.884678,35.626065,東京ディズニーシー,861
139.742946,35.649114,慶應義塾大学,862
135.728965,35.0392,金閣寺,863
139.52651,35.494865,よこはま動物園ズーラシア,864
139.884678,35.626065,東京ディズニーシー,865
139.742946,35.649114,慶應義塾大学,866
135.728965,35.0392,金閣寺,867
139.52651,35.494865,よこはま動物園ズーラシア,868
139.884678,35.626065,東京ディズニーシー,869
139.742946,35.649114,慶應義塾大学,870
135.728965,35.0392,金閣寺,871
139.52651,35.494865,よこはま動物園ズーラシア,872
139.884678,35.626065,東京ディズニーシー,873
139.742946,35.649114,慶應義塾大学,874
135.728965,35.0392,金閣寺,875
139.52651,35.494865,よこはま動物園ズーラシア,876
139.884678,35.626065,東京ディズニーシー,877
139.742946,35.649114,慶應義塾大学,878
135.728965,35.0392,金閣寺,879
139.52651,35.494865,よこはま動物園ズーラシア,880
139.884678,35.626065,東京ディズニーシー,881
139.742946,35.649114,慶應義塾大学,882
135.728965,35.0392,金閣寺,883
139.52651,35.494865,よこはま動物園ズーラシア,884
139.884678,35.626065,東京ディズニーシー,885
139.742946,35.649114,慶應義塾大学,886
135.728965,35.0392,金閣寺,887
139.52651,35.494865,よこはま動物園ズーラシア,888
139.884678,35.626065,東京ディズニーシー,889
139.742946,35.649114,慶應義塾大学,890
135.728965,35.0392,金閣寺,891
139.52651,35.494865,よこはま動物園ズーラシア,892
139.884678,35.626065,東京ディズニーシー,893
139.742946,35.649114,慶應義塾大学,894
135.728965,35.0392,金閣寺,895
139.52651,35.494865,よこはま動物園ズーラシア,896
139.884678,35.626065,東京ディズニーシー,897
139.742946,35.649114,慶應義塾大学,898
135.728965,35.0392,金閣寺,899
139.52651,35.494865,よこはま動物園ズーラシア,900
139.884678,35.626065,東京ディズニーシー,901
139.742946,35.649114,慶應義塾大学,902
135.728965,35.0392,金閣寺,903
139.52651,35.494865,よこはま動物園ズーラシア,904
139.884678,35.626065,東京ディズニーシー,905
139.742946,35.649114,慶應義塾大学,906
135.728965,35.0392,金閣寺,907
139.52651,35.494865,よこはま動物園ズーラシア,908
139.884678,35.626065,東京ディズニーシー,909
139.742946,35.649114,慶應義塾大学,910
135.728965,35.0392,金閣寺,911
139.52651,35.494865,よこはま動物園ズーラシア,912
139.884678,35.626065,東京ディズニーシー,913
139.742946,35.649114,慶應義塾大学,914
135.728965,35.0392,金閣寺,915
139.52651,35.494865,よこはま動物園ズーラシア,916
139.884678,35.626065,東京ディズニーシー,917
139.742946,35.649114,慶應義塾大学,918
135.728965,35.0392,金閣寺,919
139.52651,35.494865,よこはま動物園ズーラシア,920
139.884678,35.626065,東京ディズニーシー,921
139.742946,35.649114,慶應義塾大学,922
135.728965,35.0392,金閣寺,923
139.52651,35.494865,よこはま動物園ズーラシア,924
139.884678,35.626065,東京ディズニーシー,925
139.742946,35.649114,慶應義塾大学,926
135.728965,35.0392,金閣寺,927
139.52651,35.494865,よこはま動物園ズーラシア,928
139.884678,35.626065,東京ディズニーシー,929
139.742946,35.649114,慶應義塾大学,930
135.728965,35.0392,金閣寺,931
139.52651,35.494865,よこはま動物園ズーラシア,932
139.884678,35.626065,東京ディズニーシー,933
139.742946,35.649114,慶應義塾大学,934
135.728965,35.0392,金閣寺,935
139.52651,35.494865,よこはま動物園ズーラシア,936
139.884678,35.626065,東京ディズニーシー,937
139.742946,35.649114,慶應義塾大学,938
135.728965,35.0392,金閣寺,939
139.52651,35.494865,よこはま動物園ズーラシア,940
139.884678,35.626065,東京ディズニーシー,941
139.742946,35.649114,慶應義塾大学,942
135.728965,35.0392,金閣寺,943
139.52651,35.494865,よこはま動物園ズーラシア,944
139.884678,35.626065,東京ディズニーシー,945
139.742946,35.649114,慶應義塾大学,946
135.728965,35.0392,金閣寺,947
139.52651,35.494865,よこはま動物園ズーラシア,948
139.884678,35.626065,東京ディズニーシー,949
139.742946,35.649114,慶應義塾大学,950
135.728965,35.0392,金閣寺,951
139.52651,35.494865,よこはま動物園ズーラシア,952
139.884678,35.626065,東京ディズニーシー,953
139.742946,35.649114,慶應義塾大学,954
135.728965,35.0392,金閣寺,955
139.52651,35.494865,よこはま動物園ズーラシア,956
139.884678,35.626065,東京ディズニーシー,957
139.742946,35.649114,慶應義塾大学,958
135.728965,35.0392,金閣寺,959
139.52651,35.494865,よこはま動物園ズーラシア,960
139.884678,35.626065,東京ディズニーシー,961
139.742946,35.649114,慶應義塾大学,962
135.728965,35.0392,金閣寺,963
139.52651,35.494865,よこはま動物園ズーラシア,964
139.884678,35.626065,東京ディズニーシー,965
139.742946,35.649114,慶應義塾大学,966
135.728965,35.0392,金閣寺,967
139.52651,35.494865,よこはま動物園ズーラシア,968
139.884678,35.626065,東京ディズニーシー,969
139.742946,35.649114,慶應義塾大学,970
135.728965,35.0392,金閣寺,971
139.52651,35.494865,よこはま動物園ズーラシア,972
139.884678,35.626065,東京ディズニーシー,973
139.742946,35.649114,慶應義塾大学,974
135.728965,35.0392,金閣寺,975
139.52651,35.494865,よこはま動物園ズーラシア,976
139.884678,35.626065,東京ディズニーシー,977
139.742946,35.649114,慶應義塾大学,978
135.728965,35.0392,金閣寺,979
139.52651,35.494865,よこはま動物園ズーラシア,980
139.884678,35.626065,東京ディズニーシー,981
139.742946,35.649114,慶應義塾大学,982
135.728965,35.0392,金閣寺,983
139.52651,35.494865,よこはま動物園ズーラシア,984
139.884678,35.626065,東京ディズニーシー,985
139.742946,35.649114,慶應義塾大学,986
135.728965,35.0392,金閣寺,987
139.52651,35.494865,よこはま動物園ズーラシア,988
139.884678,35.626065,東京ディズニーシー,989
139.742946,35.649114,慶應義塾大学,990
135.728965,35.0392,金閣寺,991
139.52651,35.494865,よこはま動物園ズーラシア,992
139.884678,35.626065,東京ディズニーシー,993
139.742946,35.649114,慶應義塾大学,994
135.728965,35.0392,金閣寺,995
139.52651,35.494865,よこはま動物園ズーラシア,996
139.884678,35.626065,東京ディズニーシー,997
139.742946,35.649114,慶應義塾大学,998
135.728965,35.0392,金閣寺,999
139.52651,35.494865,よこはま動物園ズーラシア,1000
